ruta,carpeta,nombre,tipo,categoria,bytes,sha256,estado
00-CONTROL/INFORME-FINAL.md,00-CONTROL,INFORME-FINAL.md,md,control,4962,36889fd4969e4daf7ae7df42fbb2e8ef74e3c46f5eed9de79c902e55bf340f6f,final
00-CONTROL/README.md,00-CONTROL,README.md,md,control,1084,63d133b872ba78b3e817960cd778c021a78e1b500d2f07f7ea29b8f430b5b541,final
00-CONTROL/brand-review.html,00-CONTROL,brand-review.html,html,control,21812,bb65c0cadb00324aad042d5338ac21fdcfd97ff12b15c0699b962f01dcbd1e6d,final
00-CONTROL/decisiones-obligatorias.md,00-CONTROL,decisiones-obligatorias.md,md,control,762,5cb9e56b8316b3178078509d8a2c09652536dd0426235e3adbf7571e6cbfb158,final
01-LOGOS/logo-uso-y-zona-de-seguridad.md,01-LOGOS,logo-uso-y-zona-de-seguridad.md,md,logo,1938,aa2b9bdb1ba100d983e687575d0bf16383e8131d179a3aa174efc8c1fde10325,final
01-LOGOS/png/takto-isotype-color-1024.png,01-LOGOS,takto-isotype-color-1024.png,png,logo,6275,bc64bf3b135d84ef6c61bcda51971ed688cf114a6f42de7a9d3035d662fc2396,final
01-LOGOS/png/takto-isotype-color-128.png,01-LOGOS,takto-isotype-color-128.png,png,logo,574,f241622616c34a0805e2aec409649f8072728d08f769db11525c71be8ec7bc1f,final
01-LOGOS/png/takto-isotype-color-256.png,01-LOGOS,takto-isotype-color-256.png,png,logo,976,7cd974b9c0385e25580e9954d0e83e5a0eb7ed9423511b92de3a989fbb1fdf11,final
01-LOGOS/png/takto-isotype-color-512.png,01-LOGOS,takto-isotype-color-512.png,png,logo,2194,4160f62131e5cf6234cc1974c4cc1ccfa1892f44261f6432e7be5514f386d7a9,final
01-LOGOS/png/takto-isotype-color-64.png,01-LOGOS,takto-isotype-color-64.png,png,logo,406,51eb478e80ac7f5aed00f2faf8187235dcf69901b20d1810b946254d430aecdf,final
01-LOGOS/png/takto-isotype-negative-256.png,01-LOGOS,takto-isotype-negative-256.png,png,logo,993,9d5ff39732f090284c42dd10dd5b7015f75af58ac7fcdb11a2dd63e45e1b2b7d,final
01-LOGOS/png/takto-isotype-negative-512.png,01-LOGOS,takto-isotype-negative-512.png,png,logo,2105,7d2017cad79baf287f4276efac601077f5e63fa29482b511827178c9ad24e786,final
01-LOGOS/png/takto-isotype-positive-512.png,01-LOGOS,takto-isotype-positive-512.png,png,logo,2097,7c08bb251d5e52eb346d7039b4801b84ab3f257ab2671b3631e47c0e4f3c8315,final
01-LOGOS/png/takto-lockup-horizontal-negative-1056.png,01-LOGOS,takto-lockup-horizontal-negative-1056.png,png,logo,13293,6dedcf8b1e9d6e269523c7e80e22643dd02e55d3343c190f3b997bf9d8f1f877,final
01-LOGOS/png/takto-lockup-horizontal-primary-1056.png,01-LOGOS,takto-lockup-horizontal-primary-1056.png,png,logo,15144,2b434402bd73bc5039bdd1c330e5b176bb567fc02d910b08420d82ddefecedd2,final
01-LOGOS/png/takto-lockup-horizontal-primary-1584.png,01-LOGOS,takto-lockup-horizontal-primary-1584.png,png,logo,23796,51100e8c2f5028bc597e006107636c3aaf6bc48b76a65abf61ebf5c7ae146736,final
01-LOGOS/png/takto-lockup-horizontal-primary-528.png,01-LOGOS,takto-lockup-horizontal-primary-528.png,png,logo,7379,142fb2c0f7e9c3872533480b1044b63651728fd0a09c774eb9b0e7f89956f2a0,final
01-LOGOS/png/takto-lockup-vertical-negative-768.png,01-LOGOS,takto-lockup-vertical-negative-768.png,png,logo,11860,13213e1bdc43557d01120b4f1835f843a70780149e15591230b4dd3def3dd005,final
01-LOGOS/png/takto-lockup-vertical-primary-384.png,01-LOGOS,takto-lockup-vertical-primary-384.png,png,logo,6028,6b81c44210900e34a339c0dc14e5bb7656b973acc6a94a69d88deab2679df079,final
01-LOGOS/png/takto-lockup-vertical-primary-768.png,01-LOGOS,takto-lockup-vertical-primary-768.png,png,logo,13094,793aab56b8089825ec692c702dff41d7d4e1034b69b1352fdba7ebd47daf6e39,final
01-LOGOS/png/takto-wordmark-grayscale-720.png,01-LOGOS,takto-wordmark-grayscale-720.png,png,logo,14671,742f11ad5b83c1022fb75ecd263e165ff249f2cc1ab9247a857d84ae4d2deb94,final
01-LOGOS/png/takto-wordmark-negative-720.png,01-LOGOS,takto-wordmark-negative-720.png,png,logo,12697,6dfa51bdc89cd963e1330803f378203f69e812932d9011c54724ece8a2895529,final
01-LOGOS/png/takto-wordmark-primary-1080.png,01-LOGOS,takto-wordmark-primary-1080.png,png,logo,22094,1b832c1e7a0fc431375945c4ec6130818faf4b6f554c6880e2b5653df37dfac6,final
01-LOGOS/png/takto-wordmark-primary-360.png,01-LOGOS,takto-wordmark-primary-360.png,png,logo,6921,e6904d16d3e1d039653057043fb60f22d750dcdf947b24a0ea5c13d037d46e8a,final
01-LOGOS/png/takto-wordmark-primary-720.png,01-LOGOS,takto-wordmark-primary-720.png,png,logo,14114,4cda907c26e5b325297296e8bd25f6a39ab31113720f1e3d2b8ebafadbb1c918,final
01-LOGOS/svg-editable/isotipo/takto-isotype-color.svg,01-LOGOS,takto-isotype-color.svg,svg,logo,215,08eb32fb82b3892c69f68ff0a9c5c3f7b5ed62e8794380c49bb9f7aa5d3fa424,final
01-LOGOS/svg-editable/isotipo/takto-isotype-master.svg,01-LOGOS,takto-isotype-master.svg,svg,logo,258,60bed349f15d60ceaf4bee91bf9fa1bb1c5ba5c72ed0932abbe0f688c19f2888,final
01-LOGOS/svg-editable/isotipo/takto-isotype-mono-black.svg,01-LOGOS,takto-isotype-mono-black.svg,svg,logo,215,c332dd7e9bc53525d85cf014ca88ae31c1cab9e6a1f115239a48a994f49bef68,final
01-LOGOS/svg-editable/isotipo/takto-isotype-mono-navy.svg,01-LOGOS,takto-isotype-mono-navy.svg,svg,logo,215,07cce02c205638d2271bff70954f13f148be2a03c726cddb28c1148664f58504,final
01-LOGOS/svg-editable/isotipo/takto-isotype-mono-white.svg,01-LOGOS,takto-isotype-mono-white.svg,svg,logo,215,73a84d192fb32740d50db2bdb79a671eaa87b15eed136f04ca8e500229552b21,final
01-LOGOS/svg-editable/isotipo/takto-isotype-negative.svg,01-LOGOS,takto-isotype-negative.svg,svg,logo,274,dd710bb467ead99c5025aae01a009eb338e20f54a9af5bf07cab24b2447a04d8,final
01-LOGOS/svg-editable/isotipo/takto-isotype-positive.svg,01-LOGOS,takto-isotype-positive.svg,svg,logo,274,3c400a2920a96f6cc52481ead063a258de788dff01419d647ffa092d3daf8291,final
01-LOGOS/svg-editable/lockup/takto-lockup-horizontal-negative.svg,01-LOGOS,takto-lockup-horizontal-negative.svg,svg,logo,497,c739503ac032865ec49bbeff120d068d94609123b4bd2b9664c6ec39ff5bfddc,final
01-LOGOS/svg-editable/lockup/takto-lockup-horizontal-primary.svg,01-LOGOS,takto-lockup-horizontal-primary.svg,svg,logo,451,b79d063ed8063e140787a5b16f80bfd3c9944e00b3f7cca0f5335c7fdf533bf2,final
01-LOGOS/svg-editable/lockup/takto-lockup-vertical-negative.svg,01-LOGOS,takto-lockup-vertical-negative.svg,svg,logo,515,318190ad80e197598dae3d25a1b0b9551de4cd4db3f871db3fb856aaa3daabbc,final
01-LOGOS/svg-editable/lockup/takto-lockup-vertical-primary.svg,01-LOGOS,takto-lockup-vertical-primary.svg,svg,logo,470,b9168569a678259eaa42fb0ffc97b36c66a66bab9ec94b15993466cca148e656,final
01-LOGOS/svg-editable/wordmark/takto-wordmark-grayscale.svg,01-LOGOS,takto-wordmark-grayscale.svg,svg,logo,323,bca25e25a670cd3920a020a5278846869638fa8a2b084609e9d8402a14c72e8a,final
01-LOGOS/svg-editable/wordmark/takto-wordmark-mono-black.svg,01-LOGOS,takto-wordmark-mono-black.svg,svg,logo,323,70105d95e2c2cb521f267c0b9ee0369bf2d3253b2bcb7079840d6bca2a6a0572,final
01-LOGOS/svg-editable/wordmark/takto-wordmark-mono-navy.svg,01-LOGOS,takto-wordmark-mono-navy.svg,svg,logo,323,a0daec654e5f7a6c90c89b71ec73fe1be1dec745a48c3d2bc1699cb08fb09763,final
01-LOGOS/svg-editable/wordmark/takto-wordmark-mono-white.svg,01-LOGOS,takto-wordmark-mono-white.svg,svg,logo,323,370e9aa7a0184a0fa0c982d6ba44c2740eaad4611742847bca10878c6f0d825e,final
01-LOGOS/svg-editable/wordmark/takto-wordmark-negative.svg,01-LOGOS,takto-wordmark-negative.svg,svg,logo,368,539b000bb78261610df78fc99d313e85236950b910863b451c081ed81df0fc0a,final
01-LOGOS/svg-editable/wordmark/takto-wordmark-primary.svg,01-LOGOS,takto-wordmark-primary.svg,svg,logo,323,aeb88ba93c658a4a9a3affb1d676a0b0fcdff7659b3d78a1a9071bdb721d9b69,final
01-LOGOS/svg-print-outlined/isotipo/takto-isotype-color-outlined.svg,01-LOGOS,takto-isotype-color-outlined.svg,svg,logo,215,08eb32fb82b3892c69f68ff0a9c5c3f7b5ed62e8794380c49bb9f7aa5d3fa424,final
01-LOGOS/svg-print-outlined/isotipo/takto-isotype-mono-black-outlined.svg,01-LOGOS,takto-isotype-mono-black-outlined.svg,svg,logo,215,c332dd7e9bc53525d85cf014ca88ae31c1cab9e6a1f115239a48a994f49bef68,final
01-LOGOS/svg-print-outlined/lockup/takto-lockup-horizontal-negative-outlined.svg,01-LOGOS,takto-lockup-horizontal-negative-outlined.svg,svg,logo,3445,4331a76047179c4cd91c90757e739d8b9652131c6e0d34a7cd2423fa8878ee0f,final
01-LOGOS/svg-print-outlined/lockup/takto-lockup-horizontal-primary-outlined.svg,01-LOGOS,takto-lockup-horizontal-primary-outlined.svg,svg,logo,3399,25f871f5d039af2d9f11925d41642fc2604e4e3c69c5f18554ac9d16c7c050fc,final
01-LOGOS/svg-print-outlined/wordmark/takto-wordmark-grayscale-outlined.svg,01-LOGOS,takto-wordmark-grayscale-outlined.svg,svg,logo,3024,6dfef0c4dd81a0f786562cdacd68aa2f5cde2725d6e1a84ef97c9d4c8b846d0b,final
01-LOGOS/svg-print-outlined/wordmark/takto-wordmark-mono-navy-outlined.svg,01-LOGOS,takto-wordmark-mono-navy-outlined.svg,svg,logo,3024,4b49026ad441cfa0bc1bd4b5a87c785b54af6e568a10623e6702406ab2f38db1,final
01-LOGOS/svg-print-outlined/wordmark/takto-wordmark-negative-outlined.svg,01-LOGOS,takto-wordmark-negative-outlined.svg,svg,logo,3084,92c41bf57193511718dca566ef13e0b55b954032cdbde17d2cb828fa4158105c,final
01-LOGOS/svg-print-outlined/wordmark/takto-wordmark-primary-outlined.svg,01-LOGOS,takto-wordmark-primary-outlined.svg,svg,logo,3024,b566c978d7841532fc5d9e8ae637f817a46a9541a85b5d883d3fe0719477f33e,final
01-LOGOS/webp/takto-isotype-color-1024.webp,01-LOGOS,takto-isotype-color-1024.webp,webp,logo,3340,45749009370733a62da86d20e94807532e5806825e685692d64d08f44080ad49,final
01-LOGOS/webp/takto-isotype-negative-512.webp,01-LOGOS,takto-isotype-negative-512.webp,webp,logo,1362,a59e80411db7fa2e0c78b8a79fd2d6af4e2a78a93a6939b89bb4020bf8e89803,final
01-LOGOS/webp/takto-isotype-positive-512.webp,01-LOGOS,takto-isotype-positive-512.webp,webp,logo,1350,b73dc9c3c62f7e35673cca141f62b0027413306da610913ec83b128fd9c9e353,final
01-LOGOS/webp/takto-lockup-horizontal-negative-1056.webp,01-LOGOS,takto-lockup-horizontal-negative-1056.webp,webp,logo,7974,f75b71dd882e8ecb9a5e47e864c4a712f45412caf3e72a0d1245c2554465f5f4,final
01-LOGOS/webp/takto-lockup-horizontal-primary-1056.webp,01-LOGOS,takto-lockup-horizontal-primary-1056.webp,webp,logo,11754,bf214b0336436bf9273d15cb4f6561f5f2296f49ecbe0b6f6ee1b035b3cb0eb2,final
01-LOGOS/webp/takto-lockup-vertical-negative-768.webp,01-LOGOS,takto-lockup-vertical-negative-768.webp,webp,logo,6638,3c85421760111bbe5a1e6bbbc53d0ffe81b36774bbac0ddfdca67cc725f2c2d5,final
01-LOGOS/webp/takto-lockup-vertical-primary-768.webp,01-LOGOS,takto-lockup-vertical-primary-768.webp,webp,logo,9556,38dcc846f3f1c48288e56d138ce04eee3c8ec3473059c7fe98e9cddb830e9761,final
01-LOGOS/webp/takto-wordmark-grayscale-720.webp,01-LOGOS,takto-wordmark-grayscale-720.webp,webp,logo,10166,a4d39a7b47953fbc7972da1e83e9caa64a70923e958698f0cea626f93da4dbea,final
01-LOGOS/webp/takto-wordmark-negative-720.webp,01-LOGOS,takto-wordmark-negative-720.webp,webp,logo,7658,5ec9f6a4949c19d4356bf05b8c352de1c02f80ce3062bdea251eac4c3e019ef1,final
01-LOGOS/webp/takto-wordmark-primary-1080.webp,01-LOGOS,takto-wordmark-primary-1080.webp,webp,logo,16470,b0c713168d2ff6381fcc85b695d621ece0e1b6a408ea2f37697023f689fc1844,final
02-COLOR-TOKENS/color-uso.md,02-COLOR-TOKENS,color-uso.md,md,tokens,1420,786642e3e4697cc1903eab7f9124c6d3f2fdace8ad0cf540cc94e8cb9f3aca44,final
02-COLOR-TOKENS/takto-tokens.css,02-COLOR-TOKENS,takto-tokens.css,css,tokens,5942,472922a623646eb77fb15290d2846ac29e64ef17621b2c271ac91e1aef94e109,final
02-COLOR-TOKENS/takto-tokens.json,02-COLOR-TOKENS,takto-tokens.json,json,tokens,5636,ccfc00bcea1a61dba48f1b656ae949e53362ee32d27f7d1f835e1a065b010e34,final
02-COLOR-TOKENS/takto.tailwind.preset.js,02-COLOR-TOKENS,takto.tailwind.preset.js,js,tokens,3202,c3b1a06a2f42af73d45241d806cb89fb61e8610923ccfe852960460985bee07c,final
03-TIPOGRAFIA/fonts/Archivo-Bold.ttf,03-TIPOGRAFIA,Archivo-Bold.ttf,ttf,tipografia,111948,bed60488c2f5c0b24e01d931760b6f3e9a82619dcd081ed9bff643d9f4fd9e3d,final
03-TIPOGRAFIA/fonts/Archivo-ExtraBold.ttf,03-TIPOGRAFIA,Archivo-ExtraBold.ttf,ttf,tipografia,111948,745c7f810c448f256b66e1beaf8d6ccc2be98c01e531a1da8b1e8cf805a5b857,final
03-TIPOGRAFIA/fonts/Archivo-Medium.ttf,03-TIPOGRAFIA,Archivo-Medium.ttf,ttf,tipografia,112136,bf52802dc93c0d9933f92a8d0da0126124f8c37a838b3cc513190036df14587d,final
03-TIPOGRAFIA/fonts/Archivo-OFL.txt,03-TIPOGRAFIA,Archivo-OFL.txt,txt,tipografia,4388,108b4e57c9c796d3d38d0428ca7ee39de47ad93187302718d9b2d8864b9b716b,final
03-TIPOGRAFIA/fonts/Archivo-Regular.ttf,03-TIPOGRAFIA,Archivo-Regular.ttf,ttf,tipografia,110708,01170409e32e22123a354fbaa7dcb5ca5300790bb77c05d569ec8fdc394e78c9,final
03-TIPOGRAFIA/fonts/Archivo-SemiBold.ttf,03-TIPOGRAFIA,Archivo-SemiBold.ttf,ttf,tipografia,111872,f3a513d89abf3bf1d5aa906b15f21eefe7a7c98a6cf6463929a0a4032639d264,final
03-TIPOGRAFIA/fonts/IBMPlex-OFL.txt,03-TIPOGRAFIA,IBMPlex-OFL.txt,txt,tipografia,4456,7e6b2818edbd8f6a01ae80641cc8f16a51080d08fb4e532be3a0b6f74adb07da,final
03-TIPOGRAFIA/fonts/IBMPlexMono-Medium.ttf,03-TIPOGRAFIA,IBMPlexMono-Medium.ttf,ttf,tipografia,129916,4fc14a73ca53ba9d32fd759ae1ca1a3133326035d0dd337862b3ee1633cc156e,final
03-TIPOGRAFIA/fonts/IBMPlexMono-Regular.ttf,03-TIPOGRAFIA,IBMPlexMono-Regular.ttf,ttf,tipografia,128812,a7fdc993f9f0387caedba4e42521136fa97e4c0837ae6239bf0413ccf8af00c2,final
03-TIPOGRAFIA/fonts/IBMPlexSans-Bold.ttf,03-TIPOGRAFIA,IBMPlexSans-Bold.ttf,ttf,tipografia,205220,e129a20e8ff7c907ffd07124b573e88c323b7b18afc934d4aa539a3e0f2fe100,final
03-TIPOGRAFIA/fonts/IBMPlexSans-Medium.ttf,03-TIPOGRAFIA,IBMPlexSans-Medium.ttf,ttf,tipografia,205292,6f7a8c4219e021ff7c9131bc5f1f7af97bcd1436a59578d444a8cb92e9791742,final
03-TIPOGRAFIA/fonts/IBMPlexSans-Regular.ttf,03-TIPOGRAFIA,IBMPlexSans-Regular.ttf,ttf,tipografia,205252,6dbe082463cf749cfa057d45c3048c90f4df031496498e5b5bdfd0b6babb9d16,final
03-TIPOGRAFIA/fonts/IBMPlexSans-SemiBold.ttf,03-TIPOGRAFIA,IBMPlexSans-SemiBold.ttf,ttf,tipografia,205284,5311c66fd6d04ae45671236f7eae667b671c06c1dc7e88d52c206e5fadd0fb21,final
03-TIPOGRAFIA/tipografia.md,03-TIPOGRAFIA,tipografia.md,md,tipografia,1545,b645f66048dd4901f99ef8fa7f17975a7cd1225e0eda9312ee6bde2d244adf64,final
04-ICONOGRAFIA/iconografia.md,04-ICONOGRAFIA,iconografia.md,md,iconografia,800,22b8f5525e978d5852f31eef0d04b011104934447a747399e5a570f965f492e7,final
04-ICONOGRAFIA/svg/bell.svg,04-ICONOGRAFIA,bell.svg,svg,iconografia,277,13fa2f15599798e4ef79d0f819397d495cf115586a5570960b0801cc60cb9499,final
04-ICONOGRAFIA/svg/calendar.svg,04-ICONOGRAFIA,calendar.svg,svg,iconografia,343,b188c1dea32d8158257803959137ecda18c23c96169952b4752047799528dc67,final
04-ICONOGRAFIA/svg/company.svg,04-ICONOGRAFIA,company.svg,svg,iconografia,322,b52d68dbfdfeede4ed110e14b86da3730bd475c00164675c08b0f03761cbd603,final
04-ICONOGRAFIA/svg/contact.svg,04-ICONOGRAFIA,contact.svg,svg,iconografia,265,8dc080b8fea37ae36389b244a52a4fe8be7faa54bed6afc1f8912c5285ec7625,final
04-ICONOGRAFIA/svg/dashboard.svg,04-ICONOGRAFIA,dashboard.svg,svg,iconografia,402,bd8a892831c18c7991c34d0e86663a1722bbf54914fd60c348fbc3e9af8820e8,final
04-ICONOGRAFIA/svg/funnel.svg,04-ICONOGRAFIA,funnel.svg,svg,iconografia,236,f2a1a15a11971ccaf978ecdb77bd3bd37405bbab19d0262decafc54b98184d44,final
04-ICONOGRAFIA/svg/lost.svg,04-ICONOGRAFIA,lost.svg,svg,iconografia,262,d202534ac8d04f0cae3ccf5c93a32f13178adf2fa1680fa258cd5c0206f50f4b,final
04-ICONOGRAFIA/svg/message.svg,04-ICONOGRAFIA,message.svg,svg,iconografia,236,32b6229018f2e797c9c41d308854ce206344a7a6dcaf851bb916b87b6eb7eba3,final
04-ICONOGRAFIA/svg/next-step.svg,04-ICONOGRAFIA,next-step.svg,svg,iconografia,246,37aca5e8850fa6c8d52a18c14fbc9b53aaac273407e87a82a36e70069dafa63c,final
04-ICONOGRAFIA/svg/opportunity.svg,04-ICONOGRAFIA,opportunity.svg,svg,iconografia,329,5fb7d2bc8bfbf6d2d1cdbda1d8687063f16173c8c82179d7f17fb3eacedbc391,final
04-ICONOGRAFIA/svg/phone.svg,04-ICONOGRAFIA,phone.svg,svg,iconografia,277,8f0ba3791d530036415b84195b3a3aac51dd1ae412977da0c5de0672094d2c8c,final
04-ICONOGRAFIA/svg/pipeline.svg,04-ICONOGRAFIA,pipeline.svg,svg,iconografia,347,3e8060fecea0003d1106878323c46f94a46b6978f078ae01be8224dbffa6f50e,final
04-ICONOGRAFIA/svg/quote.svg,04-ICONOGRAFIA,quote.svg,svg,iconografia,292,e424b3f1ef060d7e95e292624f7d882fa6e7d804e0045b2f52a2336b72504b3a,final
04-ICONOGRAFIA/svg/search.svg,04-ICONOGRAFIA,search.svg,svg,iconografia,256,b70fa184cd11971c047b4881e21d61dc743a925668a06c68f6b2869ec5746298,final
04-ICONOGRAFIA/svg/send.svg,04-ICONOGRAFIA,send.svg,svg,iconografia,240,f793e9f8ca0e07cc56ace0af32d06238d6ff5ff7bca9acc323197f33eac3edc1,final
04-ICONOGRAFIA/svg/settings.svg,04-ICONOGRAFIA,settings.svg,svg,iconografia,332,1ad8b7eb1518ce2b6a3e1f16f1ad79325777c719d3423b84c41c1c783f9307c0,final
04-ICONOGRAFIA/svg/tag.svg,04-ICONOGRAFIA,tag.svg,svg,iconografia,265,4a8656e37b8cc2bd1ff9d378d93e76620d79083a41214a200c155ca66cc4f63f,final
04-ICONOGRAFIA/svg/task-check.svg,04-ICONOGRAFIA,task-check.svg,svg,iconografia,284,374c86e26c9e25f55dbd18b888bf6559f6689a7b21498110de4de600aaa4e100,final
04-ICONOGRAFIA/svg/whatsapp.svg,04-ICONOGRAFIA,whatsapp.svg,svg,iconografia,363,536c0806f96d96701438b67703ffc7df138500ec3553e94df59bc558e4ce4582,final
04-ICONOGRAFIA/svg/won.svg,04-ICONOGRAFIA,won.svg,svg,iconografia,340,a30c512211c838d815badf4b009137bf953778e0749e3eb9fe8e8aaa90ebfd33,final
05-FAVICON-PWA/app-icon.svg,05-FAVICON-PWA,app-icon.svg,svg,favicon-pwa,283,0c7b17ef204d0deaa23066e9dee95946dc1f5a9984396bd08e962c70d9ff49a6,final
05-FAVICON-PWA/apple-touch-icon-180.png,05-FAVICON-PWA,apple-touch-icon-180.png,png,favicon-pwa,1571,f13f7868f2a2613f5b3ea8ba78f3d8a6c2e6cf64c0348e8527b25ea3bbb8e76c,final
05-FAVICON-PWA/favicon-16.png,05-FAVICON-PWA,favicon-16.png,png,favicon-pwa,242,0868353f1e2d7a81dd2592b858ef9882ef6843245464e477e74b61ab5fa56929,final
05-FAVICON-PWA/favicon-32.png,05-FAVICON-PWA,favicon-32.png,png,favicon-pwa,271,28d20afd14032c7592ca71e38e952c9de0c81a441c5eb6f711573e31d88f194a,final
05-FAVICON-PWA/favicon-48.png,05-FAVICON-PWA,favicon-48.png,png,favicon-pwa,337,04797ccd4f19217aeec44bc496c1a880d5a135822678ecd76a14d3e38058c17b,final
05-FAVICON-PWA/favicon-pwa.md,05-FAVICON-PWA,favicon-pwa.md,md,favicon-pwa,866,7ef0ca29202d7f2c84f7d2401670bc0904741717b0e7a6969b438917bf558069,final
05-FAVICON-PWA/favicon.ico,05-FAVICON-PWA,favicon.ico,ico,favicon-pwa,1633,d9411f951701ab1f18f6f727525e3211f82b9e075d5853d6eae5f0f7c4e8818e,final
05-FAVICON-PWA/favicon.svg,05-FAVICON-PWA,favicon.svg,svg,favicon-pwa,272,6062ca7cd760ee0738854c418377cbe8e29706ca621f081daf5d11bb3fff20f5,final
05-FAVICON-PWA/head-snippet.html,05-FAVICON-PWA,head-snippet.html,html,favicon-pwa,654,748a703f6e4a0a798abe7c4b63bb229dd7870b65e0f0da86c26e0aeae400faf6,final
05-FAVICON-PWA/maskable-512.png,05-FAVICON-PWA,maskable-512.png,png,favicon-pwa,2097,22d71bf42932d00ce3fbe675edf4118c19c6212fd533746daafe45f27d042ced,final
05-FAVICON-PWA/maskable.svg,05-FAVICON-PWA,maskable.svg,svg,favicon-pwa,318,666f02648a7ffe14c0889df82d33a3be79d5077bcb50d4a832603241f8296e6d,final
05-FAVICON-PWA/og-image-1200x630.png,05-FAVICON-PWA,og-image-1200x630.png,png,favicon-pwa,28334,a7ec758d2eaa25511f1849b09e447bc4ac3c9135bb994e25357f169988a67af4,final
05-FAVICON-PWA/og-image-1200x630.svg,05-FAVICON-PWA,og-image-1200x630.svg,svg,favicon-pwa,3538,b8917af978bab600e84e61d40b7211938ef51091ff5daa7660c5147afbb95453,final
05-FAVICON-PWA/pwa-192.png,05-FAVICON-PWA,pwa-192.png,png,favicon-pwa,748,91201ee767f049cdc73242976425ee56b5a47298de9f46f476b4e4a639ef50e5,final
05-FAVICON-PWA/pwa-512.png,05-FAVICON-PWA,pwa-512.png,png,favicon-pwa,2087,d33a8725fe28d3eb1e4229051dc5df5d710d89bdd32d66765300dda46b627217,final
05-FAVICON-PWA/site.webmanifest,05-FAVICON-PWA,site.webmanifest,webmanifest,favicon-pwa,546,be688f8bab25150e1659c203b4518f7ce57caa6bd95fcbb9c2f8fb77c876adbd,final
06-MOTION/motion-demo.html,06-MOTION,motion-demo.html,html,motion,1304,0a466d38a9ee1350aaa1428d33f25290b2979539f452c799c98106dbf6fcebd5,final
06-MOTION/motion.md,06-MOTION,motion.md,md,motion,892,1c9a6d4438006387e3c86427ae31eec614091b8e7f58815eb75a126a6e50a5b2,final
06-MOTION/takto-logo-motion.svg,06-MOTION,takto-logo-motion.svg,svg,motion,3612,e2201a64b74bd0d9a8405ef8772a66bfb03d7e2617221be9efcafeeb3ecb6378,final
06-MOTION/takto-motion.css,06-MOTION,takto-motion.css,css,motion,996,5d19242ed5b25115cc6cbaa245ac5f98fa3d7aeb2ecd638f7ef056373321663d,final
07-PRODUCT-UI/png/login.png,07-PRODUCT-UI,login.png,png,product-ui,41835,768bd46bb5672b0dc706bacd400ca90c71c9693a8ed512f3461a53e3af19200a,final
07-PRODUCT-UI/png/pipeline.png,07-PRODUCT-UI,pipeline.png,png,product-ui,46283,1cbd7ae5fd643326cae0ca0d14a3cd84c56311fab15eb0a33ee219e5a4055bd3,final
07-PRODUCT-UI/png/sidebar-conversation.png,07-PRODUCT-UI,sidebar-conversation.png,png,product-ui,96920,9f4192da88c7f051028c3efc60cd4c177fb3da5a2bd5e620d634eee01df35cb4,final
07-PRODUCT-UI/product-ui.md,07-PRODUCT-UI,product-ui.md,md,product-ui,819,f332ca7ea5bc5d7baf10b399bf34548435853623c3d974e10c3f0059e86b7f06,final
07-PRODUCT-UI/svg/login.svg,07-PRODUCT-UI,login.svg,svg,product-ui,3594,db3154ddf5645dc0beb9054b322198193af308cb8016524d0b41e780ddedae30,final
07-PRODUCT-UI/svg/pipeline.svg,07-PRODUCT-UI,pipeline.svg,svg,product-ui,13017,50acde4015c46d4c4508dfbd5d3e89790c164dc26bc952d8e47f7aeb7b4ccf82,final
07-PRODUCT-UI/svg/sidebar-conversation.svg,07-PRODUCT-UI,sidebar-conversation.svg,svg,product-ui,15219,575382967ee37348dc145643fd6b7ed730163e3fc5b507bd86e4555ebfefb6a7,final
08-EMAIL-DOCUMENTOS/document-letterhead.pdf,08-EMAIL-DOCUMENTOS,document-letterhead.pdf,pdf,email-doc,13447,82c50e6f2027478ee7a762dd2d374830e4e38566e1ae48f74d7796518978bbd9,final
08-EMAIL-DOCUMENTOS/document-letterhead.png,08-EMAIL-DOCUMENTOS,document-letterhead.png,png,email-doc,17909,a37f160bff513a4e56be1647c78cd1118d9354ffb2ed61e5ec8c5ef3d228e5f9,final
08-EMAIL-DOCUMENTOS/document-letterhead.svg,08-EMAIL-DOCUMENTOS,document-letterhead.svg,svg,email-doc,2618,75f36fb500e8c1bd3927c24009325331464d7f50a167fa8f17a9a3623f07e36d,final
08-EMAIL-DOCUMENTOS/email-documentos.md,08-EMAIL-DOCUMENTOS,email-documentos.md,md,email-doc,444,130da2da673fd4caf6f5cc628c2808f3fca34cf62d28bd4e309aa1ff2d907a7f,final
08-EMAIL-DOCUMENTOS/email-header-600x140.png,08-EMAIL-DOCUMENTOS,email-header-600x140.png,png,email-doc,4544,7d204ae3d453de1674c5de64914582a49f24b76e53ee1a29b64b6ac98494aca9,final
08-EMAIL-DOCUMENTOS/email-header-600x140.svg,08-EMAIL-DOCUMENTOS,email-header-600x140.svg,svg,email-doc,714,cc668c1a1a34c0e04899f682f5513b2183fd5ba874895cfb824859de265320c4,final
08-EMAIL-DOCUMENTOS/email-signature.html,08-EMAIL-DOCUMENTOS,email-signature.html,html,email-doc,1326,58cfad9e8853aea4072dfeb9e851594038cce5d06aa42598c1b14cd7a14c4948,final
09-SOCIAL-MARKETING/avatar-400.png,09-SOCIAL-MARKETING,avatar-400.png,png,social,1603,9fb1ab8929a422ac8462c5967670c6eeae33c7fe4d8b370cfb9ca47e2bfd074a,final
09-SOCIAL-MARKETING/avatar-400.svg,09-SOCIAL-MARKETING,avatar-400.svg,svg,social,286,bfebd6a027476eada9e21e93a4d8f33f49e73b7bfc2884bd40ba92985b11e40f,final
09-SOCIAL-MARKETING/linkedin-banner-1584x396.png,09-SOCIAL-MARKETING,linkedin-banner-1584x396.png,png,social,20117,c9d324c806dea2b4cddf6ae26f63315d27d9127b7d1afdaa05088c83c0a8c851,final
09-SOCIAL-MARKETING/linkedin-banner-1584x396.svg,09-SOCIAL-MARKETING,linkedin-banner-1584x396.svg,svg,social,1090,be3396247519319c71b5d881b0405597aaa90b00e36b68395540e259500c539f,final
09-SOCIAL-MARKETING/post-portrait-1080x1350.png,09-SOCIAL-MARKETING,post-portrait-1080x1350.png,png,social,63720,44754b0340f5a85f88766bdede93bd8343357965ad9955e38e9224efc4a642ea,final
09-SOCIAL-MARKETING/post-portrait-1080x1350.svg,09-SOCIAL-MARKETING,post-portrait-1080x1350.svg,svg,social,2343,37f55bb558fb068e51ccc80fd05ff6c6a244338d6bc04ddebd6b139ee8113a18,final
09-SOCIAL-MARKETING/post-square-1080.png,09-SOCIAL-MARKETING,post-square-1080.png,png,social,53930,7ec7d6c76bab7aa3861b524d38673d8b223d1360892397dabfbe0e85d288e646,final
09-SOCIAL-MARKETING/post-square-1080.svg,09-SOCIAL-MARKETING,post-square-1080.svg,svg,social,1305,e9be659b94afc7cf72b9fd0ac62565ee5bcb178536146f364d72b55e921df687,final
09-SOCIAL-MARKETING/social-marketing.md,09-SOCIAL-MARKETING,social-marketing.md,md,social,530,fc288d395e57c3ad09a39142a333bfb1ef2b66a8ec3bda2a18edc8656b4a9de8,final
10-CRM-EXPORT/CRM-ASSET-MANIFEST.json,10-CRM-EXPORT,CRM-ASSET-MANIFEST.json,json,crm-export,4053,84d9ad4645a6e770d432c0d758f4d5213fc4c8b9b063ed77f15f03856c10b8e6,final
10-CRM-EXPORT/README-INTEGRACION.md,10-CRM-EXPORT,README-INTEGRACION.md,md,crm-export,1345,7b7e9447f418936174ad1e3360721f3a499dfdeeac2b3db33506fe60fa121f43,final
10-CRM-EXPORT/assets/favicons/app-icon.svg,10-CRM-EXPORT,app-icon.svg,svg,crm-export,283,0c7b17ef204d0deaa23066e9dee95946dc1f5a9984396bd08e962c70d9ff49a6,final
10-CRM-EXPORT/assets/favicons/apple-touch-icon-180.png,10-CRM-EXPORT,apple-touch-icon-180.png,png,crm-export,1571,f13f7868f2a2613f5b3ea8ba78f3d8a6c2e6cf64c0348e8527b25ea3bbb8e76c,final
10-CRM-EXPORT/assets/favicons/favicon-16.png,10-CRM-EXPORT,favicon-16.png,png,crm-export,242,0868353f1e2d7a81dd2592b858ef9882ef6843245464e477e74b61ab5fa56929,final
10-CRM-EXPORT/assets/favicons/favicon-32.png,10-CRM-EXPORT,favicon-32.png,png,crm-export,271,28d20afd14032c7592ca71e38e952c9de0c81a441c5eb6f711573e31d88f194a,final
10-CRM-EXPORT/assets/favicons/favicon-48.png,10-CRM-EXPORT,favicon-48.png,png,crm-export,337,04797ccd4f19217aeec44bc496c1a880d5a135822678ecd76a14d3e38058c17b,final
10-CRM-EXPORT/assets/favicons/favicon.ico,10-CRM-EXPORT,favicon.ico,ico,crm-export,1633,d9411f951701ab1f18f6f727525e3211f82b9e075d5853d6eae5f0f7c4e8818e,final
10-CRM-EXPORT/assets/favicons/favicon.svg,10-CRM-EXPORT,favicon.svg,svg,crm-export,272,6062ca7cd760ee0738854c418377cbe8e29706ca621f081daf5d11bb3fff20f5,final
10-CRM-EXPORT/assets/favicons/head-snippet.html,10-CRM-EXPORT,head-snippet.html,html,crm-export,654,748a703f6e4a0a798abe7c4b63bb229dd7870b65e0f0da86c26e0aeae400faf6,final
10-CRM-EXPORT/assets/favicons/maskable-512.png,10-CRM-EXPORT,maskable-512.png,png,crm-export,2097,22d71bf42932d00ce3fbe675edf4118c19c6212fd533746daafe45f27d042ced,final
10-CRM-EXPORT/assets/favicons/og-image-1200x630.png,10-CRM-EXPORT,og-image-1200x630.png,png,crm-export,28334,a7ec758d2eaa25511f1849b09e447bc4ac3c9135bb994e25357f169988a67af4,final
10-CRM-EXPORT/assets/favicons/pwa-192.png,10-CRM-EXPORT,pwa-192.png,png,crm-export,748,91201ee767f049cdc73242976425ee56b5a47298de9f46f476b4e4a639ef50e5,final
10-CRM-EXPORT/assets/favicons/pwa-512.png,10-CRM-EXPORT,pwa-512.png,png,crm-export,2087,d33a8725fe28d3eb1e4229051dc5df5d710d89bdd32d66765300dda46b627217,final
10-CRM-EXPORT/assets/favicons/site.webmanifest,10-CRM-EXPORT,site.webmanifest,webmanifest,crm-export,546,be688f8bab25150e1659c203b4518f7ce57caa6bd95fcbb9c2f8fb77c876adbd,final
10-CRM-EXPORT/assets/icons/bell.svg,10-CRM-EXPORT,bell.svg,svg,crm-export,277,13fa2f15599798e4ef79d0f819397d495cf115586a5570960b0801cc60cb9499,final
10-CRM-EXPORT/assets/icons/calendar.svg,10-CRM-EXPORT,calendar.svg,svg,crm-export,343,b188c1dea32d8158257803959137ecda18c23c96169952b4752047799528dc67,final
10-CRM-EXPORT/assets/icons/company.svg,10-CRM-EXPORT,company.svg,svg,crm-export,322,b52d68dbfdfeede4ed110e14b86da3730bd475c00164675c08b0f03761cbd603,final
10-CRM-EXPORT/assets/icons/contact.svg,10-CRM-EXPORT,contact.svg,svg,crm-export,265,8dc080b8fea37ae36389b244a52a4fe8be7faa54bed6afc1f8912c5285ec7625,final
10-CRM-EXPORT/assets/icons/dashboard.svg,10-CRM-EXPORT,dashboard.svg,svg,crm-export,402,bd8a892831c18c7991c34d0e86663a1722bbf54914fd60c348fbc3e9af8820e8,final
10-CRM-EXPORT/assets/icons/funnel.svg,10-CRM-EXPORT,funnel.svg,svg,crm-export,236,f2a1a15a11971ccaf978ecdb77bd3bd37405bbab19d0262decafc54b98184d44,final
10-CRM-EXPORT/assets/icons/lost.svg,10-CRM-EXPORT,lost.svg,svg,crm-export,262,d202534ac8d04f0cae3ccf5c93a32f13178adf2fa1680fa258cd5c0206f50f4b,final
10-CRM-EXPORT/assets/icons/message.svg,10-CRM-EXPORT,message.svg,svg,crm-export,236,32b6229018f2e797c9c41d308854ce206344a7a6dcaf851bb916b87b6eb7eba3,final
10-CRM-EXPORT/assets/icons/next-step.svg,10-CRM-EXPORT,next-step.svg,svg,crm-export,246,37aca5e8850fa6c8d52a18c14fbc9b53aaac273407e87a82a36e70069dafa63c,final
10-CRM-EXPORT/assets/icons/opportunity.svg,10-CRM-EXPORT,opportunity.svg,svg,crm-export,329,5fb7d2bc8bfbf6d2d1cdbda1d8687063f16173c8c82179d7f17fb3eacedbc391,final
10-CRM-EXPORT/assets/icons/phone.svg,10-CRM-EXPORT,phone.svg,svg,crm-export,277,8f0ba3791d530036415b84195b3a3aac51dd1ae412977da0c5de0672094d2c8c,final
10-CRM-EXPORT/assets/icons/pipeline.svg,10-CRM-EXPORT,pipeline.svg,svg,crm-export,347,3e8060fecea0003d1106878323c46f94a46b6978f078ae01be8224dbffa6f50e,final
10-CRM-EXPORT/assets/icons/quote.svg,10-CRM-EXPORT,quote.svg,svg,crm-export,292,e424b3f1ef060d7e95e292624f7d882fa6e7d804e0045b2f52a2336b72504b3a,final
10-CRM-EXPORT/assets/icons/search.svg,10-CRM-EXPORT,search.svg,svg,crm-export,256,b70fa184cd11971c047b4881e21d61dc743a925668a06c68f6b2869ec5746298,final
10-CRM-EXPORT/assets/icons/send.svg,10-CRM-EXPORT,send.svg,svg,crm-export,240,f793e9f8ca0e07cc56ace0af32d06238d6ff5ff7bca9acc323197f33eac3edc1,final
10-CRM-EXPORT/assets/icons/settings.svg,10-CRM-EXPORT,settings.svg,svg,crm-export,332,1ad8b7eb1518ce2b6a3e1f16f1ad79325777c719d3423b84c41c1c783f9307c0,final
10-CRM-EXPORT/assets/icons/tag.svg,10-CRM-EXPORT,tag.svg,svg,crm-export,265,4a8656e37b8cc2bd1ff9d378d93e76620d79083a41214a200c155ca66cc4f63f,final
10-CRM-EXPORT/assets/icons/task-check.svg,10-CRM-EXPORT,task-check.svg,svg,crm-export,284,374c86e26c9e25f55dbd18b888bf6559f6689a7b21498110de4de600aaa4e100,final
10-CRM-EXPORT/assets/icons/whatsapp.svg,10-CRM-EXPORT,whatsapp.svg,svg,crm-export,363,536c0806f96d96701438b67703ffc7df138500ec3553e94df59bc558e4ce4582,final
10-CRM-EXPORT/assets/icons/won.svg,10-CRM-EXPORT,won.svg,svg,crm-export,340,a30c512211c838d815badf4b009137bf953778e0749e3eb9fe8e8aaa90ebfd33,final
10-CRM-EXPORT/assets/logos/takto-isotype-color.svg,10-CRM-EXPORT,takto-isotype-color.svg,svg,crm-export,215,08eb32fb82b3892c69f68ff0a9c5c3f7b5ed62e8794380c49bb9f7aa5d3fa424,final
10-CRM-EXPORT/assets/logos/takto-isotype-master.svg,10-CRM-EXPORT,takto-isotype-master.svg,svg,crm-export,258,60bed349f15d60ceaf4bee91bf9fa1bb1c5ba5c72ed0932abbe0f688c19f2888,final
10-CRM-EXPORT/assets/logos/takto-isotype-negative.svg,10-CRM-EXPORT,takto-isotype-negative.svg,svg,crm-export,274,dd710bb467ead99c5025aae01a009eb338e20f54a9af5bf07cab24b2447a04d8,final
10-CRM-EXPORT/assets/logos/takto-lockup-horizontal-negative.svg,10-CRM-EXPORT,takto-lockup-horizontal-negative.svg,svg,crm-export,497,c739503ac032865ec49bbeff120d068d94609123b4bd2b9664c6ec39ff5bfddc,final
10-CRM-EXPORT/assets/logos/takto-lockup-horizontal-primary.svg,10-CRM-EXPORT,takto-lockup-horizontal-primary.svg,svg,crm-export,451,b79d063ed8063e140787a5b16f80bfd3c9944e00b3f7cca0f5335c7fdf533bf2,final
10-CRM-EXPORT/assets/logos/takto-wordmark-negative.svg,10-CRM-EXPORT,takto-wordmark-negative.svg,svg,crm-export,368,539b000bb78261610df78fc99d313e85236950b910863b451c081ed81df0fc0a,final
10-CRM-EXPORT/assets/logos/takto-wordmark-primary-outlined.svg,10-CRM-EXPORT,takto-wordmark-primary-outlined.svg,svg,crm-export,3024,b566c978d7841532fc5d9e8ae637f817a46a9541a85b5d883d3fe0719477f33e,final
10-CRM-EXPORT/assets/logos/takto-wordmark-primary.svg,10-CRM-EXPORT,takto-wordmark-primary.svg,svg,crm-export,323,aeb88ba93c658a4a9a3affb1d676a0b0fcdff7659b3d78a1a9071bdb721d9b69,final
10-CRM-EXPORT/fonts/Archivo-Bold.ttf,10-CRM-EXPORT,Archivo-Bold.ttf,ttf,crm-export,111948,bed60488c2f5c0b24e01d931760b6f3e9a82619dcd081ed9bff643d9f4fd9e3d,final
10-CRM-EXPORT/fonts/Archivo-ExtraBold.ttf,10-CRM-EXPORT,Archivo-ExtraBold.ttf,ttf,crm-export,111948,745c7f810c448f256b66e1beaf8d6ccc2be98c01e531a1da8b1e8cf805a5b857,final
10-CRM-EXPORT/fonts/Archivo-Medium.ttf,10-CRM-EXPORT,Archivo-Medium.ttf,ttf,crm-export,112136,bf52802dc93c0d9933f92a8d0da0126124f8c37a838b3cc513190036df14587d,final
10-CRM-EXPORT/fonts/Archivo-OFL.txt,10-CRM-EXPORT,Archivo-OFL.txt,txt,crm-export,4388,108b4e57c9c796d3d38d0428ca7ee39de47ad93187302718d9b2d8864b9b716b,final
10-CRM-EXPORT/fonts/Archivo-Regular.ttf,10-CRM-EXPORT,Archivo-Regular.ttf,ttf,crm-export,110708,01170409e32e22123a354fbaa7dcb5ca5300790bb77c05d569ec8fdc394e78c9,final
10-CRM-EXPORT/fonts/Archivo-SemiBold.ttf,10-CRM-EXPORT,Archivo-SemiBold.ttf,ttf,crm-export,111872,f3a513d89abf3bf1d5aa906b15f21eefe7a7c98a6cf6463929a0a4032639d264,final
10-CRM-EXPORT/fonts/IBMPlex-OFL.txt,10-CRM-EXPORT,IBMPlex-OFL.txt,txt,crm-export,4456,7e6b2818edbd8f6a01ae80641cc8f16a51080d08fb4e532be3a0b6f74adb07da,final
10-CRM-EXPORT/fonts/IBMPlexMono-Medium.ttf,10-CRM-EXPORT,IBMPlexMono-Medium.ttf,ttf,crm-export,129916,4fc14a73ca53ba9d32fd759ae1ca1a3133326035d0dd337862b3ee1633cc156e,final
10-CRM-EXPORT/fonts/IBMPlexMono-Regular.ttf,10-CRM-EXPORT,IBMPlexMono-Regular.ttf,ttf,crm-export,128812,a7fdc993f9f0387caedba4e42521136fa97e4c0837ae6239bf0413ccf8af00c2,final
10-CRM-EXPORT/fonts/IBMPlexSans-Bold.ttf,10-CRM-EXPORT,IBMPlexSans-Bold.ttf,ttf,crm-export,205220,e129a20e8ff7c907ffd07124b573e88c323b7b18afc934d4aa539a3e0f2fe100,final
10-CRM-EXPORT/fonts/IBMPlexSans-Medium.ttf,10-CRM-EXPORT,IBMPlexSans-Medium.ttf,ttf,crm-export,205292,6f7a8c4219e021ff7c9131bc5f1f7af97bcd1436a59578d444a8cb92e9791742,final
10-CRM-EXPORT/fonts/IBMPlexSans-Regular.ttf,10-CRM-EXPORT,IBMPlexSans-Regular.ttf,ttf,crm-export,205252,6dbe082463cf749cfa057d45c3048c90f4df031496498e5b5bdfd0b6babb9d16,final
10-CRM-EXPORT/fonts/IBMPlexSans-SemiBold.ttf,10-CRM-EXPORT,IBMPlexSans-SemiBold.ttf,ttf,crm-export,205284,5311c66fd6d04ae45671236f7eae667b671c06c1dc7e88d52c206e5fadd0fb21,final
10-CRM-EXPORT/motion/takto-logo-motion.svg,10-CRM-EXPORT,takto-logo-motion.svg,svg,crm-export,3612,e2201a64b74bd0d9a8405ef8772a66bfb03d7e2617221be9efcafeeb3ecb6378,final
10-CRM-EXPORT/motion/takto-motion.css,10-CRM-EXPORT,takto-motion.css,css,crm-export,996,5d19242ed5b25115cc6cbaa245ac5f98fa3d7aeb2ecd638f7ef056373321663d,final
10-CRM-EXPORT/tokens/takto-tokens.css,10-CRM-EXPORT,takto-tokens.css,css,crm-export,5942,472922a623646eb77fb15290d2846ac29e64ef17621b2c271ac91e1aef94e109,final
10-CRM-EXPORT/tokens/takto-tokens.json,10-CRM-EXPORT,takto-tokens.json,json,crm-export,5636,ccfc00bcea1a61dba48f1b656ae949e53362ee32d27f7d1f835e1a065b010e34,final
10-CRM-EXPORT/tokens/takto.tailwind.preset.js,10-CRM-EXPORT,takto.tailwind.preset.js,js,crm-export,3202,c3b1a06a2f42af73d45241d806cb89fb61e8610923ccfe852960460985bee07c,final
99-NO-USAR/NO-USAR.md,99-NO-USAR,NO-USAR.md,md,no-usar,1225,987874f142f12ec0a158d59a8b4759fb4cbd9983258d1a5f39768472d4782157,final
99-NO-USAR/RECHAZADO-isotipo-canal-abierto.svg,99-NO-USAR,RECHAZADO-isotipo-canal-abierto.svg,svg,no-usar,331,9fcce858c96fbaafe4af8699cda30cc2b8aaf14ac3230b78d7db3aaaad46527e,final
